,Dim1,Dim2
AGE,0.00546559,0.106919109
BMI,-0.032981232,-0.098082229
BRISTOL STOOL SCALE,-0.083530035,-0.189608954
SEX,0.15,0.019664142
HEALTH STATUS,0.002303007,0.07384624
